Datum;Locatie;Type;Vraag;Antwoord
23-4-2026, 00:42:12;Almelo;regular;"Geven de ouders/verzorgers toestemming voor het invullen van deze vragenlijst?";"Ja"
23-4-2026, 00:42:12;Almelo;regular;"Hoe voelde het om vandaag op bezoek te gaan?";"3 - Gewoon"
23-4-2026, 00:42:12;Almelo;regular;"Hoe vond je de ruimte waar je samen was met je vader/moeder tijdens het bezoek?";"3 - Gewoon"
23-4-2026, 00:42:12;Almelo;regular;"Hoe deden de medewerkers bij de ingang tegen jou?";"4 - Leuk"
23-4-2026, 00:42:12;Almelo;regular;"Hoe vond je de dingen die je tijdens het bezoek kon doen?";"4 - Leuk"
21-4-2026, 17:25:04;Zaanstad;ouder_kind;"Geven de ouders/verzorgers toestemming voor het invullen van deze vragenlijst?";"Ja"
21-4-2026, 17:25:04;Zaanstad;ouder_kind;"Hoe voelde het om vandaag op bezoek te gaan?";"Gewoon"
21-4-2026, 17:25:04;Zaanstad;ouder_kind;"Hoe vond je de ruimte waar je samen was met je vader/moeder tijdens het bezoek?";"Gewoon"
21-4-2026, 17:25:04;Zaanstad;ouder_kind;"Hoe deden de medewerkers bij de ingang tegen jou?";"Gewoon"
21-4-2026, 17:25:04;Zaanstad;ouder_kind;"Hoe vond je de dingen die je tijdens het bezoek kon doen?";"Gewoon"
20-4-2026, 15:48:48;Zaanstad;regular;"Geven de ouders/verzorgers toestemming voor het invullen van deze vragenlijst?";"Ja"
20-4-2026, 15:48:48;Zaanstad;regular;"Hoe voelde het om vandaag op bezoek te gaan?";"Niet leuk"
20-4-2026, 15:48:48;Zaanstad;regular;"Hoe vond je de ruimte waar je samen was met je vader/moeder tijdens het bezoek?";"Gewoon"
20-4-2026, 15:48:48;Zaanstad;regular;"Hoe deden de medewerkers bij de ingang tegen jou?";"Gewoon"
20-4-2026, 15:48:48;Zaanstad;regular;"Hoe vond je de dingen die je tijdens het bezoek kon doen?";"Gewoon"
20-4-2026, 15:48:10;Veenhuizen;ouder_kind;"Geven de ouders/verzorgers toestemming voor het invullen van deze vragenlijst?";"Ja"
20-4-2026, 15:48:10;Veenhuizen;ouder_kind;"Hoe voelde het om vandaag op bezoek te gaan?";"Heel leuk"
20-4-2026, 15:48:10;Veenhuizen;ouder_kind;"Hoe vond je de ruimte waar je samen was met je vader/moeder tijdens het bezoek?";"Heel leuk"
20-4-2026, 15:48:10;Veenhuizen;ouder_kind;"Hoe deden de medewerkers bij de ingang tegen jou?";"Heel leuk"
20-4-2026, 15:48:10;Veenhuizen;ouder_kind;"Hoe vond je de dingen die je tijdens het bezoek kon doen?";"Heel leuk"
4-4-2026, 14:57:57;Veenhuizen;ouder_kind;"Geven de ouders/verzorgers toestemming voor het invullen van deze vragenlijst?";"Ja"
4-4-2026, 14:57:57;Veenhuizen;ouder_kind;"Hoe voelde het om vandaag op bezoek te gaan?";"Heel leuk"
4-4-2026, 14:57:57;Veenhuizen;ouder_kind;"Hoe vond je de ruimte waar je samen was met je vader/moeder tijdens het bezoek?";"Heel leuk"
4-4-2026, 14:57:57;Veenhuizen;ouder_kind;"Hoe deden de medewerkers bij de ingang tegen jou?";"Heel leuk"
4-4-2026, 14:57:57;Veenhuizen;ouder_kind;"Hoe vond je de dingen die je tijdens het bezoek kon doen?";"Heel leuk"
4-4-2026, 14:55:23;Veenhuizen;ouder_kind;"Geven de ouders/verzorgers toestemming voor het invullen van deze vragenlijst?";"Ja"
4-4-2026, 14:55:23;Veenhuizen;ouder_kind;"Hoe voelde het om vandaag op bezoek te gaan?";"Heel leuk"
4-4-2026, 14:55:23;Veenhuizen;ouder_kind;"Hoe vond je de ruimte waar je samen was met je vader/moeder tijdens het bezoek?";"Leuk"
4-4-2026, 14:55:23;Veenhuizen;ouder_kind;"Hoe deden de medewerkers bij de ingang tegen jou?";"Heel leuk"
4-4-2026, 14:55:23;Veenhuizen;ouder_kind;"Hoe vond je de dingen die je tijdens het bezoek kon doen?";"Leuk"
4-4-2026, 14:53:28;Veenhuizen;ouder_kind;"Geven de ouders/verzorgers toestemming voor het invullen van deze vragenlijst?";"Ja"
4-4-2026, 14:53:28;Veenhuizen;ouder_kind;"Hoe voelde het om vandaag op bezoek te gaan?";"Heel leuk"
4-4-2026, 14:53:28;Veenhuizen;ouder_kind;"Hoe vond je de ruimte waar je samen was met je vader/moeder tijdens het bezoek?";"Gewoon"
4-4-2026, 14:53:28;Veenhuizen;ouder_kind;"Hoe deden de medewerkers bij de ingang tegen jou?";"Heel leuk"
4-4-2026, 14:53:28;Veenhuizen;ouder_kind;"Hoe vond je de dingen die je tijdens het bezoek kon doen?";"Heel leuk"
4-4-2026, 13:15:30;Veenhuizen;ouder_kind;"Geven de ouders/verzorgers toestemming voor het invullen van deze vragenlijst?";"Ja"
4-4-2026, 13:15:30;Veenhuizen;ouder_kind;"Hoe voelde het om vandaag op bezoek te gaan?";"Heel leuk"
4-4-2026, 13:15:30;Veenhuizen;ouder_kind;"Hoe vond je de ruimte waar je samen was met je vader/moeder tijdens het bezoek?";"Heel leuk"
4-4-2026, 13:15:30;Veenhuizen;ouder_kind;"Hoe deden de medewerkers bij de ingang tegen jou?";"Leuk"
4-4-2026, 13:15:30;Veenhuizen;ouder_kind;"Hoe vond je de dingen die je tijdens het bezoek kon doen?";"Heel leuk"
4-4-2026, 13:12:28;Veenhuizen;ouder_kind;"Geven de ouders/verzorgers toestemming voor het invullen van deze vragenlijst?";"Ja"
4-4-2026, 13:12:28;Veenhuizen;ouder_kind;"Hoe voelde het om vandaag op bezoek te gaan?";"Heel leuk"
4-4-2026, 13:12:28;Veenhuizen;ouder_kind;"Hoe vond je de ruimte waar je samen was met je vader/moeder tijdens het bezoek?";"Heel leuk"
4-4-2026, 13:12:28;Veenhuizen;ouder_kind;"Hoe deden de medewerkers bij de ingang tegen jou?";"Heel leuk"
4-4-2026, 13:12:28;Veenhuizen;ouder_kind;"Hoe vond je de dingen die je tijdens het bezoek kon doen?";"Heel leuk"
2-4-2026, 10:35:19;Zaanstad;regular;"Geven de ouders/verzorgers toestemming voor het invullen van deze vragenlijst?";"Ja"
2-4-2026, 10:35:19;Zaanstad;regular;"Hoe voelde het om vandaag op bezoek te gaan?";"Gewoon"
2-4-2026, 10:35:19;Zaanstad;regular;"Hoe vond je de ruimte waar je samen was met je vader/moeder tijdens het bezoek?";"Gewoon"
2-4-2026, 10:35:19;Zaanstad;regular;"Hoe deden de medewerkers bij de ingang tegen jou?";"Leuk"
2-4-2026, 10:35:19;Zaanstad;regular;"Hoe vond je de dingen die je tijdens het bezoek kon doen?";"Gewoon"
30-3-2026, 14:05:12;Zaanstad;ouder_kind;"Geven de ouders/verzorgers toestemming voor het invullen van deze vragenlijst?";"Ja"
30-3-2026, 14:05:12;Zaanstad;ouder_kind;"Hoe voelde het om vandaag op bezoek te gaan?";"Gewoon"
30-3-2026, 14:05:12;Zaanstad;ouder_kind;"Hoe vond je de ruimte waar je samen was met je vader/moeder tijdens het bezoek?";"Leuk"
30-3-2026, 14:05:12;Zaanstad;ouder_kind;"Hoe deden de medewerkers bij de ingang tegen jou?";"Gewoon"
30-3-2026, 14:05:12;Zaanstad;ouder_kind;"Hoe vond je de dingen die je tijdens het bezoek kon doen?";"Leuk"
26-1-2026, 16:27:21;Zaanstad;regular;"Geven de ouders/verzorgers toestemming voor het invullen van deze vragenlijst?";"Ja"
26-1-2026, 16:27:21;Zaanstad;regular;"Hoe voelde het om vandaag op bezoek te gaan?";"Leuk"
26-1-2026, 16:27:21;Zaanstad;regular;"Hoe vond je de ruimte waar je samen was met je vader/moeder tijdens het bezoek?";"Leuk"
26-1-2026, 16:27:21;Zaanstad;regular;"Hoe deden de medewerkers bij de ingang tegen jou?";"Leuk"
26-1-2026, 16:27:21;Zaanstad;regular;"Hoe vond je de dingen die je tijdens het bezoek kon doen?";"Leuk"
26-1-2026, 15:59:31;Zaanstad;ouder_kind;"Geven de ouders/verzorgers toestemming voor het invullen van deze vragenlijst?";"Ja"
26-1-2026, 15:59:31;Zaanstad;ouder_kind;"Hoe voelde het om vandaag op bezoek te gaan?";"Heel leuk"
26-1-2026, 15:59:31;Zaanstad;ouder_kind;"Hoe vond je de ruimte waar je samen was met je vader/moeder tijdens het bezoek?";"Gewoon"
26-1-2026, 15:59:31;Zaanstad;ouder_kind;"Hoe deden de medewerkers bij de ingang tegen jou?";"Heel leuk"
26-1-2026, 15:59:31;Zaanstad;ouder_kind;"Hoe vond je de dingen die je tijdens het bezoek kon doen?";"Leuk"
26-1-2026, 15:55:55;Veenhuizen;regular;"Geven de ouders/verzorgers toestemming voor het invullen van deze vragenlijst?";"Ja"
26-1-2026, 15:55:55;Veenhuizen;regular;"Hoe voelde het om vandaag op bezoek te gaan?";"Leuk"
26-1-2026, 15:55:55;Veenhuizen;regular;"Hoe vond je de ruimte waar je samen was met je vader/moeder tijdens het bezoek?";"Leuk"
26-1-2026, 15:55:55;Veenhuizen;regular;"Hoe deden de medewerkers bij de ingang tegen jou?";"Gewoon"
26-1-2026, 15:55:55;Veenhuizen;regular;"Hoe vond je de dingen die je tijdens het bezoek kon doen?";"Heel leuk"
26-1-2026, 15:53:52;Zaanstad;regular;"Geven de ouders/verzorgers toestemming voor het invullen van deze vragenlijst?";"Ja"
26-1-2026, 15:53:52;Zaanstad;regular;"Hoe voelde het om vandaag op bezoek te gaan?";"Gewoon"
26-1-2026, 15:53:52;Zaanstad;regular;"Hoe vond je de ruimte waar je samen was met je vader/moeder tijdens het bezoek?";"Leuk"
26-1-2026, 15:53:52;Zaanstad;regular;"Hoe deden de medewerkers bij de ingang tegen jou?";"Heel leuk"
26-1-2026, 15:53:52;Zaanstad;regular;"Hoe vond je de dingen die je tijdens het bezoek kon doen?";"Gewoon"
19-1-2026, 15:36:53;Veenhuizen;regular;"Geven de ouders/verzorgers toestemming voor het invullen van deze vragenlijst?";"Ja"
19-1-2026, 15:36:53;Veenhuizen;regular;"Hoe voelde het om vandaag op bezoek te gaan?";"Helemaal niet leuk"
19-1-2026, 15:36:53;Veenhuizen;regular;"Hoe vond je de ruimte waar je samen was met je vader/moeder tijdens het bezoek?";"Niet leuk"
19-1-2026, 15:36:53;Veenhuizen;regular;"Hoe deden de medewerkers bij de ingang tegen jou?";"Helemaal niet leuk"
19-1-2026, 15:36:53;Veenhuizen;regular;"Hoe vond je de dingen die je tijdens het bezoek kon doen?";"Gewoon"
19-1-2026, 15:33:47;Almelo;regular;"Geven de ouders/verzorgers toestemming voor het invullen van deze vragenlijst?";"Ja"
19-1-2026, 15:33:47;Almelo;regular;"Hoe voelde het om vandaag op bezoek te gaan?";"Gewoon"
19-1-2026, 15:33:47;Almelo;regular;"Hoe vond je de ruimte waar je samen was met je vader/moeder tijdens het bezoek?";"Leuk"
19-1-2026, 15:33:47;Almelo;regular;"Hoe deden de medewerkers bij de ingang tegen jou?";"Heel leuk"
19-1-2026, 15:33:47;Almelo;regular;"Hoe vond je de dingen die je tijdens het bezoek kon doen?";"Heel leuk"
19-1-2026, 15:33:11;Zaanstad;regular;"Geven de ouders/verzorgers toestemming voor het invullen van deze vragenlijst?";"Ja"
19-1-2026, 15:33:11;Zaanstad;regular;"Hoe voelde het om vandaag op bezoek te gaan?";"Gewoon"
19-1-2026, 15:33:11;Zaanstad;regular;"Hoe vond je de ruimte waar je samen was met je vader/moeder tijdens het bezoek?";"Gewoon"
19-1-2026, 15:33:11;Zaanstad;regular;"Hoe deden de medewerkers bij de ingang tegen jou?";"Gewoon"
19-1-2026, 15:33:11;Zaanstad;regular;"Hoe vond je de dingen die je tijdens het bezoek kon doen?";"Gewoon"
5-1-2026, 10:20:40;Onbekend;ouder_kind;"Geven de ouders/verzorgers toestemming voor het invullen van deze vragenlijst?";"Ja"
5-1-2026, 10:20:40;Onbekend;ouder_kind;"Hoe voelde het om vandaag op bezoek te gaan?";"Heel leuk"
5-1-2026, 10:20:40;Onbekend;ouder_kind;"Hoe vond je de ruimte waar je samen was met je vader/moeder tijdens het bezoek?";"Leuk"
5-1-2026, 10:20:40;Onbekend;ouder_kind;"Hoe deden de medewerkers bij de ingang tegen jou?";"Leuk"
5-1-2026, 10:20:40;Onbekend;ouder_kind;"Hoe vond je de dingen die je tijdens het bezoek kon doen?";"Leuk"
5-1-2026, 10:20:40;Onbekend;ouder_kind;"Geven de ouders/verzorgers toestemming voor het invullen van deze vragenlijst?";"Ja"
5-1-2026, 10:20:40;Onbekend;ouder_kind;"Hoe voelde het om vandaag op bezoek te gaan?";"Heel leuk"
5-1-2026, 10:20:40;Onbekend;ouder_kind;"Hoe vond je de ruimte waar je samen was met je vader/moeder tijdens het bezoek?";"Leuk"
5-1-2026, 10:20:40;Onbekend;ouder_kind;"Hoe deden de medewerkers bij de ingang tegen jou?";"Heel leuk"
5-1-2026, 10:20:40;Onbekend;ouder_kind;"Hoe vond je de dingen die je tijdens het bezoek kon doen?";"Leuk"
5-1-2026, 10:20:40;Onbekend;ouder_kind;"Geven de ouders/verzorgers toestemming voor het invullen van deze vragenlijst?";"Ja"
5-1-2026, 10:20:40;Onbekend;ouder_kind;"Hoe voelde het om vandaag op bezoek te gaan?";"Heel leuk"
5-1-2026, 10:20:40;Onbekend;ouder_kind;"Hoe vond je de ruimte waar je samen was met je vader/moeder tijdens het bezoek?";"Leuk"
5-1-2026, 10:20:40;Onbekend;ouder_kind;"Hoe deden de medewerkers bij de ingang tegen jou?";"Leuk"
5-1-2026, 10:20:40;Onbekend;ouder_kind;"Hoe vond je de dingen die je tijdens het bezoek kon doen?";"Heel leuk"
5-1-2026, 10:20:40;Onbekend;ouder_kind;"Geven de ouders/verzorgers toestemming voor het invullen van deze vragenlijst?";"Ja"
5-1-2026, 10:20:40;Onbekend;ouder_kind;"Hoe voelde het om vandaag op bezoek te gaan?";"Heel leuk"
5-1-2026, 10:20:40;Onbekend;ouder_kind;"Hoe vond je de ruimte waar je samen was met je vader/moeder tijdens het bezoek?";"Heel leuk"
5-1-2026, 10:20:40;Onbekend;ouder_kind;"Hoe deden de medewerkers bij de ingang tegen jou?";"Heel leuk"
5-1-2026, 10:20:40;Onbekend;ouder_kind;"Hoe vond je de dingen die je tijdens het bezoek kon doen?";"Heel leuk"
5-1-2026, 10:20:40;Onbekend;ouder_kind;"Geven de ouders/verzorgers toestemming voor het invullen van deze vragenlijst?";"Ja"
5-1-2026, 10:20:40;Onbekend;ouder_kind;"Hoe voelde het om vandaag op bezoek te gaan?";"Heel leuk"
5-1-2026, 10:20:40;Onbekend;ouder_kind;"Hoe vond je de ruimte waar je samen was met je vader/moeder tijdens het bezoek?";"Leuk"
5-1-2026, 10:20:40;Onbekend;ouder_kind;"Hoe deden de medewerkers bij de ingang tegen jou?";"Leuk"
5-1-2026, 10:20:40;Onbekend;ouder_kind;"Hoe vond je de dingen die je tijdens het bezoek kon doen?";"Leuk"
5-1-2026, 10:20:40;Onbekend;ouder_kind;"Geven de ouders/verzorgers toestemming voor het invullen van deze vragenlijst?";"Ja"
5-1-2026, 10:20:40;Onbekend;ouder_kind;"Hoe voelde het om vandaag op bezoek te gaan?";"Heel leuk"
5-1-2026, 10:20:40;Onbekend;ouder_kind;"Hoe vond je de ruimte waar je samen was met je vader/moeder tijdens het bezoek?";"Leuk"
5-1-2026, 10:20:40;Onbekend;ouder_kind;"Hoe deden de medewerkers bij de ingang tegen jou?";"Heel leuk"
5-1-2026, 10:20:40;Onbekend;ouder_kind;"Hoe vond je de dingen die je tijdens het bezoek kon doen?";"Leuk"
5-1-2026, 10:20:40;Onbekend;ouder_kind;"Geven de ouders/verzorgers toestemming voor het invullen van deze vragenlijst?";"Ja"
5-1-2026, 10:20:40;Onbekend;ouder_kind;"Hoe voelde het om vandaag op bezoek te gaan?";"Heel leuk"
5-1-2026, 10:20:40;Onbekend;ouder_kind;"Hoe vond je de ruimte waar je samen was met je vader/moeder tijdens het bezoek?";"Heel leuk"
5-1-2026, 10:20:40;Onbekend;ouder_kind;"Hoe deden de medewerkers bij de ingang tegen jou?";"Leuk"
5-1-2026, 10:20:40;Onbekend;ouder_kind;"Hoe vond je de dingen die je tijdens het bezoek kon doen?";"Heel leuk"
5-1-2026, 10:20:40;Onbekend;ouder_kind;"Geven de ouders/verzorgers toestemming voor het invullen van deze vragenlijst?";"Ja"
5-1-2026, 10:20:40;Onbekend;ouder_kind;"Hoe voelde het om vandaag op bezoek te gaan?";"Heel leuk"
5-1-2026, 10:20:40;Onbekend;ouder_kind;"Hoe vond je de ruimte waar je samen was met je vader/moeder tijdens het bezoek?";"Leuk"
5-1-2026, 10:20:40;Onbekend;ouder_kind;"Hoe deden de medewerkers bij de ingang tegen jou?";"Leuk"
5-1-2026, 10:20:40;Onbekend;ouder_kind;"Hoe vond je de dingen die je tijdens het bezoek kon doen?";"Heel leuk"
5-1-2026, 10:20:40;Onbekend;ouder_kind;"Geven de ouders/verzorgers toestemming voor het invullen van deze vragenlijst?";"Ja"
5-1-2026, 10:20:40;Onbekend;ouder_kind;"Hoe voelde het om vandaag op bezoek te gaan?";"Leuk"
5-1-2026, 10:20:40;Onbekend;ouder_kind;"Hoe vond je de ruimte waar je samen was met je vader/moeder tijdens het bezoek?";"Leuk"
5-1-2026, 10:20:40;Onbekend;ouder_kind;"Hoe deden de medewerkers bij de ingang tegen jou?";"Leuk"
5-1-2026, 10:20:40;Onbekend;ouder_kind;"Hoe vond je de dingen die je tijdens het bezoek kon doen?";"Gewoon"
5-1-2026, 10:20:40;Onbekend;ouder_kind;"Geven de ouders/verzorgers toestemming voor het invullen van deze vragenlijst?";"Ja"
5-1-2026, 10:20:40;Onbekend;ouder_kind;"Hoe voelde het om vandaag op bezoek te gaan?";"Heel leuk"
5-1-2026, 10:20:40;Onbekend;ouder_kind;"Hoe vond je de ruimte waar je samen was met je vader/moeder tijdens het bezoek?";"Leuk"
5-1-2026, 10:20:40;Onbekend;ouder_kind;"Hoe deden de medewerkers bij de ingang tegen jou?";"Heel leuk"
5-1-2026, 10:20:40;Onbekend;ouder_kind;"Hoe vond je de dingen die je tijdens het bezoek kon doen?";"Gewoon"
5-1-2026, 10:20:40;Onbekend;ouder_kind;"Geven de ouders/verzorgers toestemming voor het invullen van deze vragenlijst?";"Ja"
5-1-2026, 10:20:40;Onbekend;ouder_kind;"Hoe voelde het om vandaag op bezoek te gaan?";"Leuk"
5-1-2026, 10:20:40;Onbekend;ouder_kind;"Hoe vond je de ruimte waar je samen was met je vader/moeder tijdens het bezoek?";"Gewoon"
5-1-2026, 10:20:40;Onbekend;ouder_kind;"Hoe deden de medewerkers bij de ingang tegen jou?";"Niet leuk"
5-1-2026, 10:20:40;Onbekend;ouder_kind;"Hoe vond je de dingen die je tijdens het bezoek kon doen?";"Gewoon"
5-1-2026, 10:20:40;Onbekend;ouder_kind;"Geven de ouders/verzorgers toestemming voor het invullen van deze vragenlijst?";"Ja"
5-1-2026, 10:20:40;Onbekend;ouder_kind;"Hoe voelde het om vandaag op bezoek te gaan?";"Heel leuk"
5-1-2026, 10:20:40;Onbekend;ouder_kind;"Hoe vond je de ruimte waar je samen was met je vader/moeder tijdens het bezoek?";"Heel leuk"
5-1-2026, 10:20:40;Onbekend;ouder_kind;"Hoe deden de medewerkers bij de ingang tegen jou?";"Niet leuk"
5-1-2026, 10:20:40;Onbekend;ouder_kind;"Hoe vond je de dingen die je tijdens het bezoek kon doen?";"Gewoon"
5-1-2026, 10:20:40;Onbekend;ouder_kind;"Geven de ouders/verzorgers toestemming voor het invullen van deze vragenlijst?";"Ja"
5-1-2026, 10:20:40;Onbekend;ouder_kind;"Hoe voelde het om vandaag op bezoek te gaan?";"Heel leuk"
5-1-2026, 10:20:40;Onbekend;ouder_kind;"Hoe vond je de ruimte waar je samen was met je vader/moeder tijdens het bezoek?";"Heel leuk"
5-1-2026, 10:20:40;Onbekend;ouder_kind;"Hoe deden de medewerkers bij de ingang tegen jou?";"Niet leuk"
5-1-2026, 10:20:40;Onbekend;ouder_kind;"Hoe vond je de dingen die je tijdens het bezoek kon doen?";"Leuk"
5-1-2026, 10:20:40;Onbekend;ouder_kind;"Geven de ouders/verzorgers toestemming voor het invullen van deze vragenlijst?";"Ja"
5-1-2026, 10:20:40;Onbekend;ouder_kind;"Hoe voelde het om vandaag op bezoek te gaan?";"Heel leuk"
5-1-2026, 10:20:40;Onbekend;ouder_kind;"Hoe vond je de ruimte waar je samen was met je vader/moeder tijdens het bezoek?";"Gewoon"
5-1-2026, 10:20:40;Onbekend;ouder_kind;"Hoe deden de medewerkers bij de ingang tegen jou?";"Leuk"
5-1-2026, 10:20:40;Onbekend;ouder_kind;"Hoe vond je de dingen die je tijdens het bezoek kon doen?";"Leuk"
5-1-2026, 10:20:40;Onbekend;ouder_kind;"Geven de ouders/verzorgers toestemming voor het invullen van deze vragenlijst?";"Ja"
5-1-2026, 10:20:40;Onbekend;ouder_kind;"Hoe voelde het om vandaag op bezoek te gaan?";"Leuk"
5-1-2026, 10:20:40;Onbekend;ouder_kind;"Hoe vond je de ruimte waar je samen was met je vader/moeder tijdens het bezoek?";"Leuk"
5-1-2026, 10:20:40;Onbekend;ouder_kind;"Hoe deden de medewerkers bij de ingang tegen jou?";"Heel leuk"
5-1-2026, 10:20:40;Onbekend;ouder_kind;"Hoe vond je de dingen die je tijdens het bezoek kon doen?";"Heel leuk"
5-1-2026, 10:20:40;Onbekend;ouder_kind;"Geven de ouders/verzorgers toestemming voor het invullen van deze vragenlijst?";"Ja"
5-1-2026, 10:20:40;Onbekend;ouder_kind;"Hoe voelde het om vandaag op bezoek te gaan?";"Leuk"
5-1-2026, 10:20:40;Onbekend;ouder_kind;"Hoe vond je de ruimte waar je samen was met je vader/moeder tijdens het bezoek?";"Gewoon"
5-1-2026, 10:20:40;Onbekend;ouder_kind;"Hoe deden de medewerkers bij de ingang tegen jou?";"Leuk"
5-1-2026, 10:20:40;Onbekend;ouder_kind;"Hoe vond je de dingen die je tijdens het bezoek kon doen?";"Leuk"
5-1-2026, 10:20:40;Onbekend;ouder_kind;"Geven de ouders/verzorgers toestemming voor het invullen van deze vragenlijst?";"Ja"
5-1-2026, 10:20:40;Onbekend;ouder_kind;"Hoe voelde het om vandaag op bezoek te gaan?";"Heel leuk"
5-1-2026, 10:20:40;Onbekend;ouder_kind;"Hoe vond je de ruimte waar je samen was met je vader/moeder tijdens het bezoek?";"Heel leuk"
5-1-2026, 10:20:40;Onbekend;ouder_kind;"Hoe deden de medewerkers bij de ingang tegen jou?";"Gewoon"
5-1-2026, 10:20:40;Onbekend;ouder_kind;"Hoe vond je de dingen die je tijdens het bezoek kon doen?";"Heel leuk"
5-1-2026, 10:20:40;Onbekend;ouder_kind;"Geven de ouders/verzorgers toestemming voor het invullen van deze vragenlijst?";"Ja"
5-1-2026, 10:20:40;Onbekend;ouder_kind;"Hoe voelde het om vandaag op bezoek te gaan?";"Heel leuk"
5-1-2026, 10:20:40;Onbekend;ouder_kind;"Hoe vond je de ruimte waar je samen was met je vader/moeder tijdens het bezoek?";"Leuk"
5-1-2026, 10:20:40;Onbekend;ouder_kind;"Hoe deden de medewerkers bij de ingang tegen jou?";"Heel leuk"
5-1-2026, 10:20:40;Onbekend;ouder_kind;"Hoe vond je de dingen die je tijdens het bezoek kon doen?";"Leuk"
5-1-2026, 10:20:40;Onbekend;ouder_kind;"Geven de ouders/verzorgers toestemming voor het invullen van deze vragenlijst?";"Ja"
5-1-2026, 10:20:40;Onbekend;ouder_kind;"Hoe voelde het om vandaag op bezoek te gaan?";"Leuk"
5-1-2026, 10:20:40;Onbekend;ouder_kind;"Hoe vond je de ruimte waar je samen was met je vader/moeder tijdens het bezoek?";"Leuk"
5-1-2026, 10:20:40;Onbekend;ouder_kind;"Hoe deden de medewerkers bij de ingang tegen jou?";"Leuk"
5-1-2026, 10:20:40;Onbekend;ouder_kind;"Hoe vond je de dingen die je tijdens het bezoek kon doen?";"Leuk"
5-1-2026, 10:20:40;Onbekend;ouder_kind;"Geven de ouders/verzorgers toestemming voor het invullen van deze vragenlijst?";"Ja"
5-1-2026, 10:20:40;Onbekend;ouder_kind;"Hoe voelde het om vandaag op bezoek te gaan?";"Heel leuk"
5-1-2026, 10:20:40;Onbekend;ouder_kind;"Hoe vond je de ruimte waar je samen was met je vader/moeder tijdens het bezoek?";"Heel leuk"
5-1-2026, 10:20:40;Onbekend;ouder_kind;"Hoe deden de medewerkers bij de ingang tegen jou?";"Gewoon"
5-1-2026, 10:20:40;Onbekend;ouder_kind;"Hoe vond je de dingen die je tijdens het bezoek kon doen?";"Leuk"